stockid,event_window_str,date,eventdate,relative_day_raw,relative_day_adj,est_window_start,est_window_end,est_window_length,event_window_start,event_window_end,event_window_length,AR,var_AR,df,Std. E. AR,CAR,Std. E. CAR,CAR_T-stat,CAR_P-value
600028,"[-2,10]",2026-02-26,2026-02-28,-2,-2,2025-08-02,2026-02-18,200,2026-02-26,2026-03-10,13,-0.004906828471228956,0.00014675044041045118,198.0,0.012114059617256768,-0.004906828471228956,0.012114059617256768,-0.40505236281312845,0.6858763040519107
600028,"[-2,10]",2026-02-27,2026-02-28,-1,-1,2025-08-02,2026-02-18,200,2026-02-26,2026-03-10,13,-0.004729705800162504,0.00014675044041045118,198.0,0.012114059617256768,-0.00963653427139146,0.017131867406120747,-0.562491761286256,0.5744173001495687
600028,"[-2,10]",2026-03-02,2026-02-28,2,0,2025-08-02,2026-02-18,200,2026-02-26,2026-03-10,13,0.09957131219377777,0.00014675044041045118,198.0,0.012114059617256768,0.0899347779223863,0.020982166743007107,4.286248366239849,2.8356816482721925e-05
600028,"[-2,10]",2026-03-03,2026-02-28,3,1,2025-08-02,2026-02-18,200,2026-02-26,2026-03-10,13,0.10129962934881892,0.00014675044041045118,198.0,0.012114059617256768,0.19123440727120522,0.024228119234513536,7.893076859172264,1.971756091734278e-13
600028,"[-2,10]",2026-03-04,2026-02-28,4,2,2025-08-02,2026-02-18,200,2026-02-26,2026-03-10,13,-0.052778604837697654,0.00014675044041045118,198.0,0.012114059617256768,0.13845580243350758,0.027087860787671215,5.111359790232104,7.511886621625052e-07
600028,"[-2,10]",2026-03-05,2026-02-28,5,3,2025-08-02,2026-02-18,200,2026-02-26,2026-03-10,13,-0.051820236731439526,0.00014675044041045118,198.0,0.012114059617256768,0.08663556570206804,0.029673264775934363,2.9196506133134124,0.003910334828834294
600028,"[-2,10]",2026-03-06,2026-02-28,6,4,2025-08-02,2026-02-18,200,2026-02-26,2026-03-10,13,-0.022244448033173228,0.00014675044041045118,198.0,0.012114059617256768,0.06439111766889481,0.032050789114671706,2.009033769449965,0.04589162226657484
600028,"[-2,10]",2026-03-09,2026-02-28,9,5,2025-08-02,2026-02-18,200,2026-02-26,2026-03-10,13,0.018139604586348782,0.00014675044041045118,198.0,0.012114059617256768,0.08253072225524359,0.03426373481224149,2.408690199929916,0.01692606402322916
600028,"[-2,10]",2026-03-10,2026-02-28,10,6,2025-08-02,2026-02-18,200,2026-02-26,2026-03-10,13,-0.06507296410580493,0.00014675044041045118,198.0,0.012114059617256768,0.01745775814943866,0.0363421788517703,0.48037180766304705,0.6314933370698164
600028,"[-2,10]",2026-03-11,2026-02-28,11,7,2025-08-02,2026-02-18,200,2026-02-26,2026-03-10,13,-0.00899807937081342,0.00014675044041045118,198.0,0.012114059617256768,0.008459678778625239,0.038308020101598984,0.22083309855713817,0.8254499438528466
600028,"[-2,10]",2026-03-12,2026-02-28,12,8,2025-08-02,2026-02-18,200,2026-02-26,2026-03-10,13,-0.00776608064586963,0.00014675044041045118,198.0,0.012114059617256768,0.0006935981327556087,0.04017779043843704,0.017263222421809974,0.9862440085107882
600028,"[-2,10]",2026-03-13,2026-02-28,13,9,2025-08-02,2026-02-18,200,2026-02-26,2026-03-10,13,-0.020167348305051375,0.00014675044041045118,198.0,0.012114059617256768,-0.019473750172295766,0.041964333486014214,-0.4640547949793111,0.6431182789200491
600028,"[-2,10]",2026-03-16,2026-02-28,16,10,2025-08-02,2026-02-18,200,2026-02-26,2026-03-10,13,-0.0006193284625046963,0.00014675044041045118,198.0,0.012114059617256768,-0.020093078634800463,0.04367786310404694,-0.4600288843558089,0.6460002486288059
600028,"[-3,3]",2026-02-25,2026-02-28,-3,-3,2025-08-02,2026-02-18,200,2026-02-25,2026-03-03,7,-0.010450922618634558,0.00014675044041045118,198.0,0.012114059617256768,-0.010450922618634558,0.012114059617256768,-0.8627101854234701,0.3893405550797877
600028,"[-3,3]",2026-02-26,2026-02-28,-2,-2,2025-08-02,2026-02-18,200,2026-02-25,2026-03-03,7,-0.004906828471228956,0.00014675044041045118,198.0,0.012114059617256768,-0.015357751089863515,0.017131867406120747,-0.8964434947924365,0.3711045553723329
600028,"[-3,3]",2026-02-27,2026-02-28,-1,-1,2025-08-02,2026-02-18,200,2026-02-25,2026-03-03,7,-0.004729705800162504,0.00014675044041045118,198.0,0.012114059617256768,-0.020087456890026018,0.020982166743007107,-0.9573585576771152,0.3395537911939952
600028,"[-3,3]",2026-03-02,2026-02-28,2,0,2025-08-02,2026-02-18,200,2026-02-25,2026-03-03,7,0.09957131219377777,0.00014675044041045118,198.0,0.012114059617256768,0.07948385530375175,0.024228119234513536,3.28064487938152,0.0012238476093777706
600028,"[-3,3]",2026-03-03,2026-02-28,3,1,2025-08-02,2026-02-18,200,2026-02-25,2026-03-03,7,0.10129962934881892,0.00014675044041045118,198.0,0.012114059617256768,0.18078348465257066,0.027087860787671215,6.673966839598222,2.4427038169960724e-10
600028,"[-3,3]",2026-03-04,2026-02-28,4,2,2025-08-02,2026-02-18,200,2026-02-25,2026-03-03,7,-0.052778604837697654,0.00014675044041045118,198.0,0.012114059617256768,0.12800487981487302,0.029673264775934363,4.313811802693435,2.530892834329279e-05
600028,"[-3,3]",2026-03-05,2026-02-28,5,3,2025-08-02,2026-02-18,200,2026-02-25,2026-03-03,7,-0.051820236731439526,0.00014675044041045118,198.0,0.012114059617256768,0.07618464308343349,0.032050789114671706,2.37699742152554,0.018407086706738074
600938,"[-2,10]",2026-02-26,2026-02-28,-2,-2,2025-08-02,2026-02-18,200,2026-02-26,2026-03-10,13,-0.02555522902862979,0.00024288791251568872,198.0,0.015584861645702497,-0.02555522902862979,0.015584861645702497,-1.639746929397773,0.1026455881812578
600938,"[-2,10]",2026-02-27,2026-02-28,-1,-1,2025-08-02,2026-02-18,200,2026-02-26,2026-03-10,13,0.011709832941615152,0.00024288791251568872,198.0,0.015584861645702497,-0.01384539608701464,0.022040322707060744,-0.628184817029888,0.5306067786317339
600938,"[-2,10]",2026-03-02,2026-02-28,2,0,2025-08-02,2026-02-18,200,2026-02-26,2026-03-10,13,0.09716696114945304,0.00024288791251568872,198.0,0.015584861645702497,0.0833215650624384,0.02699377219928823,3.0866958662648645,0.002313941440402756
600938,"[-2,10]",2026-03-03,2026-02-28,3,1,2025-08-02,2026-02-18,200,2026-02-26,2026-03-10,13,0.10605173031299997,0.00024288791251568872,198.0,0.015584861645702497,0.18937329537543837,0.031169723291404994,6.075552663878084,6.225035154017178e-09
600938,"[-2,10]",2026-03-04,2026-02-28,4,2,2025-08-02,2026-02-18,200,2026-02-26,2026-03-10,13,-0.008771186457279135,0.00024288791251568872,198.0,0.015584861645702497,0.18060210891815923,0.03484881005972002,5.18244693602632,5.37889479179654e-07
600938,"[-2,10]",2026-03-05,2026-02-28,5,3,2025-08-02,2026-02-18,200,2026-02-26,2026-03-10,13,-0.034842219056090314,0.00024288791251568872,198.0,0.015584861645702497,0.14575988986206892,0.038174958743843225,3.818206873257637,0.00017975514521051394
600938,"[-2,10]",2026-03-06,2026-02-28,6,4,2025-08-02,2026-02-18,200,2026-02-26,2026-03-10,13,-0.029100257730432406,0.00024288791251568872,198.0,0.015584861645702497,0.11665963213163652,0.041233668131877635,2.8292324553450845,0.005146395563340622
600938,"[-2,10]",2026-03-09,2026-02-28,9,5,2025-08-02,2026-02-18,200,2026-02-26,2026-03-10,13,0.07418476718537548,0.00024288791251568872,198.0,0.015584861645702497,0.190844399317012,0.04408064541412149,4.3294375008373605,2.3723229954697445e-05
600938,"[-2,10]",2026-03-10,2026-02-28,10,6,2025-08-02,2026-02-18,200,2026-02-26,2026-03-10,13,-0.0619694970829325,0.00024288791251568872,198.0,0.015584861645702497,0.1288749022340795,0.04675458493710749,2.756412069691928,0.00638993820255962
600938,"[-2,10]",2026-03-11,2026-02-28,11,7,2025-08-02,2026-02-18,200,2026-02-26,2026-03-10,13,0.014946651896811746,0.00024288791251568872,198.0,0.015584861645702497,0.14382155413089123,0.049283659819020005,2.9182401359605663,0.003927323651268022
600938,"[-2,10]",2026-03-12,2026-02-28,12,8,2025-08-02,2026-02-18,200,2026-02-26,2026-03-10,13,0.03020289983640659,0.00024288791251568872,198.0,0.015584861645702497,0.17402445396729782,0.05168913848839595,3.3667509085369214,0.0009136959156677005
600938,"[-2,10]",2026-03-13,2026-02-28,13,9,2025-08-02,2026-02-18,200,2026-02-26,2026-03-10,13,-0.02259381228765822,0.00024288791251568872,198.0,0.015584861645702497,0.1514306416796396,0.05398754439857646,2.8049181226259385,0.005534695469428641
600938,"[-2,10]",2026-03-16,2026-02-28,16,10,2025-08-02,2026-02-18,200,2026-02-26,2026-03-10,13,-0.020200468263899728,0.00024288791251568872,198.0,0.015584861645702497,0.1312301734157399,0.05619201778459244,2.335388167031128,0.020524380416736765
600938,"[-3,3]",2026-02-25,2026-02-28,-3,-3,2025-08-02,2026-02-18,200,2026-02-25,2026-03-03,7,-0.026229983964721898,0.00024288791251568872,198.0,0.015584861645702497,-0.026229983964721898,0.015584861645702497,-1.6830424652473432,0.09394295994900248
600938,"[-3,3]",2026-02-26,2026-02-28,-2,-2,2025-08-02,2026-02-18,200,2026-02-25,2026-03-03,7,-0.02555522902862979,0.00024288791251568872,198.0,0.015584861645702497,-0.05178521299335169,0.022040322707060744,-2.349566913408305,0.019780007707275393
600938,"[-3,3]",2026-02-27,2026-02-28,-1,-1,2025-08-02,2026-02-18,200,2026-02-25,2026-03-03,7,0.011709832941615152,0.00024288791251568872,198.0,0.015584861645702497,-0.04007538005173654,0.02699377219928823,-1.484615775663738,0.13923588776314677
600938,"[-3,3]",2026-03-02,2026-02-28,2,0,2025-08-02,2026-02-18,200,2026-02-25,2026-03-03,7,0.09716696114945304,0.00024288791251568872,198.0,0.015584861645702497,0.057091581097716504,0.031169723291404994,1.831635801318115,0.06850823381121507
600938,"[-3,3]",2026-03-03,2026-02-28,3,1,2025-08-02,2026-02-18,200,2026-02-25,2026-03-03,7,0.10605173031299997,0.00024288791251568872,198.0,0.015584861645702497,0.16314331141071647,0.03484881005972002,4.681460030662154,5.2774373475728e-06
600938,"[-3,3]",2026-03-04,2026-02-28,4,2,2025-08-02,2026-02-18,200,2026-02-25,2026-03-03,7,-0.008771186457279135,0.00024288791251568872,198.0,0.015584861645702497,0.15437212495343733,0.038174958743843225,4.0438059406766,7.530059485039153e-05
600938,"[-3,3]",2026-03-05,2026-02-28,5,3,2025-08-02,2026-02-18,200,2026-02-25,2026-03-03,7,-0.034842219056090314,0.00024288791251568872,198.0,0.015584861645702497,0.11952990589734702,0.041233668131877635,2.898842409922264,0.004167916796898208
601857,"[-2,10]",2026-02-26,2026-02-28,-2,-2,2025-08-02,2026-02-18,200,2026-02-26,2026-03-10,13,-0.010198144389689592,0.00020323084289182536,198.0,0.014255905544434046,-0.010198144389689592,0.014255905544434046,-0.7153627917849995,0.4752275955366514
601857,"[-2,10]",2026-02-27,2026-02-28,-1,-1,2025-08-02,2026-02-18,200,2026-02-26,2026-03-10,13,-0.0035823335151128695,0.00020323084289182536,198.0,0.014255905544434046,-0.013780477904802461,0.02016089496484843,-0.6835251078302547,0.49507418489455124
601857,"[-2,10]",2026-03-02,2026-02-28,2,0,2025-08-02,2026-02-18,200,2026-02-26,2026-03-10,13,0.09825107489106201,0.00020323084289182536,198.0,0.014255905544434046,0.08447059698625956,0.024691952710862625,3.4209767844362817,0.0007578466280906415
601857,"[-2,10]",2026-03-03,2026-02-28,3,1,2025-08-02,2026-02-18,200,2026-02-26,2026-03-10,13,0.10171487735241254,0.00020323084289182536,198.0,0.014255905544434046,0.18618547433867208,0.02851181108886809,6.530117422507922,5.410889514223527e-10
601857,"[-2,10]",2026-03-04,2026-02-28,4,2,2025-08-02,2026-02-18,200,2026-02-26,2026-03-10,13,0.0074394987035047615,0.00020323084289182536,198.0,0.014255905544434046,0.19362497304217685,0.03187717387817068,6.074094704322902,6.272878882995769e-09
601857,"[-2,10]",2026-03-05,2026-02-28,5,3,2025-08-02,2026-02-18,200,2026-02-26,2026-03-10,13,-0.04471780986562082,0.00020323084289182536,198.0,0.014255905544434046,0.14890716317655603,0.03491969440517703,4.26427452224438,3.1035443660343276e-05
601857,"[-2,10]",2026-03-06,2026-02-28,6,4,2025-08-02,2026-02-18,200,2026-02-26,2026-03-10,13,-0.0326575256467376,0.00020323084289182536,198.0,0.014255905544434046,0.11624963752981843,0.037717580784599344,3.082107471147378,0.0023482278950619495
601857,"[-2,10]",2026-03-09,2026-02-28,9,5,2025-08-02,2026-02-18,200,2026-02-26,2026-03-10,13,0.050684497745666635,0.00020323084289182536,198.0,0.014255905544434046,0.16693413527548506,0.04032178992969686,4.140047740106365,5.1361852504649974e-05
601857,"[-2,10]",2026-03-10,2026-02-28,10,6,2025-08-02,2026-02-18,200,2026-02-26,2026-03-10,13,-0.0757007209981087,0.00020323084289182536,198.0,0.014255905544434046,0.09123341427737636,0.04276771663330214,2.133230891413436,0.03413675219607515
601857,"[-2,10]",2026-03-11,2026-02-28,11,7,2025-08-02,2026-02-18,200,2026-02-26,2026-03-10,13,0.009108543925096933,0.00020323084289182536,198.0,0.014255905544434046,0.1003419582024733,0.04508113162863432,2.2258083277292617,0.027154805974578755
601857,"[-2,10]",2026-03-12,2026-02-28,12,8,2025-08-02,2026-02-18,200,2026-02-26,2026-03-10,13,0.007446334730674262,0.00020323084289182536,198.0,0.014255905544434046,0.10778829293314755,0.04728148973763495,2.279714398409715,0.023690476367766333
601857,"[-2,10]",2026-03-13,2026-02-28,13,9,2025-08-02,2026-02-18,200,2026-02-26,2026-03-10,13,-0.015457039394417033,0.00020323084289182536,198.0,0.014255905544434046,0.09233125353873052,0.04938390542172525,1.8696628537222093,0.06300682928772483
601857,"[-2,10]",2026-03-16,2026-02-28,16,10,2025-08-02,2026-02-18,200,2026-02-26,2026-03-10,13,-0.006508245126519819,0.00020323084289182536,198.0,0.014255905544434046,0.0858230084122107,0.05140039841862833,1.6696953924992741,0.09655983644339816
601857,"[-3,3]",2026-02-25,2026-02-28,-3,-3,2025-08-02,2026-02-18,200,2026-02-25,2026-03-03,7,-0.011523876004164072,0.00020323084289182536,198.0,0.014255905544434046,-0.011523876004164072,0.014255905544434046,-0.8083580498092846,0.4198546644422756
601857,"[-3,3]",2026-02-26,2026-02-28,-2,-2,2025-08-02,2026-02-18,200,2026-02-25,2026-03-03,7,-0.010198144389689592,0.00020323084289182536,198.0,0.014255905544434046,-0.021722020393853667,0.02016089496484843,-1.0774333397265916,0.28259765010402793
601857,"[-3,3]",2026-02-27,2026-02-28,-1,-1,2025-08-02,2026-02-18,200,2026-02-25,2026-03-03,7,-0.0035823335151128695,0.00020323084289182536,198.0,0.014255905544434046,-0.025304353908966536,0.024691952710862625,-1.0248016511806497,0.306707175618119
601857,"[-3,3]",2026-03-02,2026-02-28,2,0,2025-08-02,2026-02-18,200,2026-02-25,2026-03-03,7,0.09825107489106201,0.00020323084289182536,198.0,0.014255905544434046,0.07294672098209548,0.02851181108886809,2.558473776173979,0.011260622759616812
601857,"[-3,3]",2026-03-03,2026-02-28,3,1,2025-08-02,2026-02-18,200,2026-02-25,2026-03-03,7,0.10171487735241254,0.00020323084289182536,198.0,0.014255905544434046,0.174661598334508,0.03187717387817068,5.479205873206826,1.288946853694739e-07
601857,"[-3,3]",2026-03-04,2026-02-28,4,2,2025-08-02,2026-02-18,200,2026-02-25,2026-03-03,7,0.0074394987035047615,0.00020323084289182536,198.0,0.014255905544434046,0.18210109703801278,0.03491969440517703,5.214853684716534,4.614257553825496e-07
601857,"[-3,3]",2026-03-05,2026-02-28,5,3,2025-08-02,2026-02-18,200,2026-02-25,2026-03-03,7,-0.04471780986562082,0.00020323084289182536,198.0,0.014255905544434046,0.13738328717239195,0.037717580784599344,3.642420439342908,0.0003448766152720495
